"filename", "language", "Ini", "C++", "Markdown", "Properties", "Perl", "Makefile", "Processing", "comment", "blank", "total"
"/Users/nyameaama/Documents/PlatformIO/Projects/Model Rocket/README.md", "Markdown", 0, 0, 10, 0, 0, 0, 0, 0, 7, 17
"/Users/nyameaama/Documents/PlatformIO/Projects/Model Rocket/lib/RadioHead-master/RHCRC.cpp", "C++", 0, 49, 0, 0, 0, 0, 0, 38, 18, 105
"/Users/nyameaama/Documents/PlatformIO/Projects/Model Rocket/lib/RadioHead-master/RHCRC.h", "C++", 0, 8, 0, 0, 0, 0, 0, 7, 5, 20
"/Users/nyameaama/Documents/PlatformIO/Projects/Model Rocket/lib/RadioHead-master/RHDatagram.cpp", "C++", 0, 93, 0, 0, 0, 0, 0, 7, 24, 124
"/Users/nyameaama/Documents/PlatformIO/Projects/Model Rocket/lib/RadioHead-master/RHDatagram.h", "C++", 0, 31, 0, 0, 0, 0, 0, 106, 26, 163
"/Users/nyameaama/Documents/PlatformIO/Projects/Model Rocket/lib/RadioHead-master/RHGenericDriver.cpp", "C++", 0, 146, 0, 0, 0, 0, 0, 11, 28, 185
"/Users/nyameaama/Documents/PlatformIO/Projects/Model Rocket/lib/RadioHead-master/RHGenericDriver.h", "C++", 0, 64, 0, 0, 0, 0, 0, 149, 53, 266
"/Users/nyameaama/Documents/PlatformIO/Projects/Model Rocket/lib/RadioHead-master/RHGenericSPI.cpp", "C++", 0, 20, 0, 0, 0, 0, 0, 5, 7, 32
"/Users/nyameaama/Documents/PlatformIO/Projects/Model Rocket/lib/RadioHead-master/RHGenericSPI.h", "C++", 0, 46, 0, 0, 0, 0, 0, 80, 21, 147
"/Users/nyameaama/Documents/PlatformIO/Projects/Model Rocket/lib/RadioHead-master/RHHardwareSP12.cpp", "C++", 0, 129, 0, 0, 0, 0, 0, 15, 23, 167
"/Users/nyameaama/Documents/PlatformIO/Projects/Model Rocket/lib/RadioHead-master/RHHardwareSP1I.cpp", "C++", 0, 129, 0, 0, 0, 0, 0, 15, 23, 167
"/Users/nyameaama/Documents/PlatformIO/Projects/Model Rocket/lib/RadioHead-master/RHHardwareSPI.cpp", "C++", 0, 327, 0, 0, 0, 0, 0, 31, 55, 413
"/Users/nyameaama/Documents/PlatformIO/Projects/Model Rocket/lib/RadioHead-master/RHHardwareSPI.h", "C++", 0, 27, 0, 0, 0, 0, 0, 35, 12, 74
"/Users/nyameaama/Documents/PlatformIO/Projects/Model Rocket/lib/RadioHead-master/RHHardwareSPI1.h", "C++", 0, 31, 0, 0, 0, 0, 0, 35, 11, 77
"/Users/nyameaama/Documents/PlatformIO/Projects/Model Rocket/lib/RadioHead-master/RHHardwareSPI2.h", "C++", 0, 31, 0, 0, 0, 0, 0, 35, 11, 77
"/Users/nyameaama/Documents/PlatformIO/Projects/Model Rocket/lib/RadioHead-master/RHMesh.cpp", "C++", 0, 167, 0, 0, 0, 0, 0, 56, 22, 245
"/Users/nyameaama/Documents/PlatformIO/Projects/Model Rocket/lib/RadioHead-master/RHMesh.h", "C++", 0, 46, 0, 0, 0, 0, 0, 192, 25, 263
"/Users/nyameaama/Documents/PlatformIO/Projects/Model Rocket/lib/RadioHead-master/RHNRFSPIDriver.cpp", "C++", 0, 88, 0, 0, 0, 0, 0, 12, 14, 114
"/Users/nyameaama/Documents/PlatformIO/Projects/Model Rocket/lib/RadioHead-master/RHNRFSPIDriver.h", "C++", 0, 21, 0, 0, 0, 0, 0, 60, 15, 96
"/Users/nyameaama/Documents/PlatformIO/Projects/Model Rocket/lib/RadioHead-master/RHReliableDatagram.cpp", "C++", 0, 127, 0, 0, 0, 0, 0, 45, 16, 188
"/Users/nyameaama/Documents/PlatformIO/Projects/Model Rocket/lib/RadioHead-master/RHReliableDatagram.h", "C++", 0, 29, 0, 0, 0, 0, 0, 150, 25, 204
"/Users/nyameaama/Documents/PlatformIO/Projects/Model Rocket/lib/RadioHead-master/RHRouter.cpp", "C++", 0, 215, 0, 0, 0, 0, 0, 59, 33, 307
"/Users/nyameaama/Documents/PlatformIO/Projects/Model Rocket/lib/RadioHead-master/RHRouter.h", "C++", 0, 64, 0, 0, 0, 0, 0, 228, 37, 329
"/Users/nyameaama/Documents/PlatformIO/Projects/Model Rocket/lib/RadioHead-master/RHSPIDriver.cpp", "C++", 0, 73, 0, 0, 0, 0, 0, 8, 11, 92
"/Users/nyameaama/Documents/PlatformIO/Projects/Model Rocket/lib/RadioHead-master/RHSPIDriver.h", "C++", 0, 21, 0, 0, 0, 0, 0, 59, 15, 95
"/Users/nyameaama/Documents/PlatformIO/Projects/Model Rocket/lib/RadioHead-master/RHSoftwareSPI.cpp", "C++", 0, 123, 0, 0, 0, 0, 0, 19, 25, 167
"/Users/nyameaama/Documents/PlatformIO/Projects/Model Rocket/lib/RadioHead-master/RHSoftwareSPI.h", "C++", 0, 23, 0, 0, 0, 0, 0, 54, 13, 90
"/Users/nyameaama/Documents/PlatformIO/Projects/Model Rocket/lib/RadioHead-master/RHTcpProtocol.h", "C++", 0, 38, 0, 0, 0, 0, 0, 15, 14, 67
"/Users/nyameaama/Documents/PlatformIO/Projects/Model Rocket/lib/RadioHead-master/RH_ASK.cpp", "C++", 0, 564, 0, 0, 0, 0, 0, 171, 111, 846
"/Users/nyameaama/Documents/PlatformIO/Projects/Model Rocket/lib/RadioHead-master/RH_ASK.h", "C++", 0, 69, 0, 0, 0, 0, 0, 298, 56, 423
"/Users/nyameaama/Documents/PlatformIO/Projects/Model Rocket/lib/RadioHead-master/RH_CC110.cpp", "C++", 0, 345, 0, 0, 0, 0, 0, 67, 53, 465
"/Users/nyameaama/Documents/PlatformIO/Projects/Model Rocket/lib/RadioHead-master/RH_CC110.h", "C++", 0, 421, 0, 0, 0, 0, 0, 368, 101, 890
"/Users/nyameaama/Documents/PlatformIO/Projects/Model Rocket/lib/RadioHead-master/RH_MRF89.cpp", "C++", 0, 404, 0, 0, 0, 0, 0, 95, 66, 565
"/Users/nyameaama/Documents/PlatformIO/Projects/Model Rocket/lib/RadioHead-master/RH_MRF89.h", "C++", 0, 285, 0, 0, 0, 0, 0, 252, 92, 629
"/Users/nyameaama/Documents/PlatformIO/Projects/Model Rocket/lib/RadioHead-master/RH_NRF24.cpp", "C++", 0, 256, 0, 0, 0, 0, 0, 43, 40, 339
"/Users/nyameaama/Documents/PlatformIO/Projects/Model Rocket/lib/RadioHead-master/RH_NRF24.h", "C++", 0, 159, 0, 0, 0, 0, 0, 422, 59, 640
"/Users/nyameaama/Documents/PlatformIO/Projects/Model Rocket/lib/RadioHead-master/RH_NRF51.cpp", "C++", 0, 220, 0, 0, 0, 0, 0, 29, 43, 292
"/Users/nyameaama/Documents/PlatformIO/Projects/Model Rocket/lib/RadioHead-master/RH_NRF51.h", "C++", 0, 49, 0, 0, 0, 0, 0, 165, 29, 243
"/Users/nyameaama/Documents/PlatformIO/Projects/Model Rocket/lib/RadioHead-master/RH_NRF905.cpp", "C++", 0, 206, 0, 0, 0, 0, 0, 25, 36, 267
"/Users/nyameaama/Documents/PlatformIO/Projects/Model Rocket/lib/RadioHead-master/RH_NRF905.h", "C++", 0, 103, 0, 0, 0, 0, 0, 271, 50, 424
"/Users/nyameaama/Documents/PlatformIO/Projects/Model Rocket/lib/RadioHead-master/RH_RF22.cpp", "C++", 0, 529, 0, 0, 0, 0, 0, 125, 82, 736
"/Users/nyameaama/Documents/PlatformIO/Projects/Model Rocket/lib/RadioHead-master/RH_RF22.h", "C++", 0, 444, 0, 0, 0, 0, 0, 743, 105, 1292
"/Users/nyameaama/Documents/PlatformIO/Projects/Model Rocket/lib/RadioHead-master/RH_RF24.cpp", "C++", 0, 908, 0, 0, 0, 0, 0, 161, 98, 1167
"/Users/nyameaama/Documents/PlatformIO/Projects/Model Rocket/lib/RadioHead-master/RH_RF24.h", "C++", 0, 571, 0, 0, 0, 0, 0, 436, 94, 1101
"/Users/nyameaama/Documents/PlatformIO/Projects/Model Rocket/lib/RadioHead-master/RH_RF69.cpp", "C++", 0, 372, 0, 0, 0, 0, 0, 121, 59, 552
"/Users/nyameaama/Documents/PlatformIO/Projects/Model Rocket/lib/RadioHead-master/RH_RF69.h", "C++", 0, 294, 0, 0, 0, 0, 0, 548, 88, 930
"/Users/nyameaama/Documents/PlatformIO/Projects/Model Rocket/lib/RadioHead-master/RH_RF95.cpp", "C++", 0, 273, 0, 0, 0, 0, 0, 81, 48, 402
"/Users/nyameaama/Documents/PlatformIO/Projects/Model Rocket/lib/RadioHead-master/RH_RF95.h", "C++", 0, 199, 0, 0, 0, 0, 0, 470, 60, 729
"/Users/nyameaama/Documents/PlatformIO/Projects/Model Rocket/lib/RadioHead-master/RH_Serial.cpp", "C++", 0, 193, 0, 0, 0, 0, 0, 20, 25, 238
"/Users/nyameaama/Documents/PlatformIO/Projects/Model Rocket/lib/RadioHead-master/RH_Serial.h", "C++", 0, 54, 0, 0, 0, 0, 0, 169, 36, 259
"/Users/nyameaama/Documents/PlatformIO/Projects/Model Rocket/lib/RadioHead-master/RH_TCP.cpp", "C++", 0, 244, 0, 0, 0, 0, 0, 24, 34, 302
"/Users/nyameaama/Documents/PlatformIO/Projects/Model Rocket/lib/RadioHead-master/RH_TCP.h", "C++", 0, 32, 0, 0, 0, 0, 0, 131, 25, 188
"/Users/nyameaama/Documents/PlatformIO/Projects/Model Rocket/lib/RadioHead-master/RHutil/HardwareSerial.cpp", "C++", 0, 193, 0, 0, 0, 0, 0, 23, 31, 247
"/Users/nyameaama/Documents/PlatformIO/Projects/Model Rocket/lib/RadioHead-master/RHutil/HardwareSerial.h", "C++", 0, 26, 0, 0, 0, 0, 0, 59, 16, 101
"/Users/nyameaama/Documents/PlatformIO/Projects/Model Rocket/lib/RadioHead-master/RHutil/RasPi.cpp", "C++", 0, 121, 0, 0, 0, 0, 0, 26, 30, 177
"/Users/nyameaama/Documents/PlatformIO/Projects/Model Rocket/lib/RadioHead-master/RHutil/RasPi.h", "C++", 0, 50, 0, 0, 0, 0, 0, 7, 19, 76
"/Users/nyameaama/Documents/PlatformIO/Projects/Model Rocket/lib/RadioHead-master/RHutil/atomic.h", "C++", 0, 39, 0, 0, 0, 0, 0, 16, 17, 72
"/Users/nyameaama/Documents/PlatformIO/Projects/Model Rocket/lib/RadioHead-master/RHutil/simulator.h", "C++", 0, 60, 0, 0, 0, 0, 0, 13, 12, 85
"/Users/nyameaama/Documents/PlatformIO/Projects/Model Rocket/lib/RadioHead-master/RadioHead.h", "C++", 0, 221, 0, 0, 0, 0, 0, 713, 37, 971
"/Users/nyameaama/Documents/PlatformIO/Projects/Model Rocket/lib/RadioHead-master/STM32ArduinoCompat/HardwareSPI.cpp", "C++", 0, 128, 0, 0, 0, 0, 0, 29, 25, 182
"/Users/nyameaama/Documents/PlatformIO/Projects/Model Rocket/lib/RadioHead-master/STM32ArduinoCompat/HardwareSPI.h", "C++", 0, 28, 0, 0, 0, 0, 0, 2, 9, 39
"/Users/nyameaama/Documents/PlatformIO/Projects/Model Rocket/lib/RadioHead-master/STM32ArduinoCompat/HardwareSerial.cpp", "C++", 0, 265, 0, 0, 0, 0, 0, 50, 35, 350
"/Users/nyameaama/Documents/PlatformIO/Projects/Model Rocket/lib/RadioHead-master/STM32ArduinoCompat/HardwareSerial.h", "C++", 0, 51, 0, 0, 0, 0, 0, 15, 13, 79
"/Users/nyameaama/Documents/PlatformIO/Projects/Model Rocket/lib/RadioHead-master/STM32ArduinoCompat/wirish.cpp", "C++", 0, 342, 0, 0, 0, 0, 0, 33, 39, 414
"/Users/nyameaama/Documents/PlatformIO/Projects/Model Rocket/lib/RadioHead-master/STM32ArduinoCompat/wirish.h", "C++", 0, 85, 0, 0, 0, 0, 0, 48, 25, 158
"/Users/nyameaama/Documents/PlatformIO/Projects/Model Rocket/lib/RadioHead-master/examples/Teensy/README.md", "Markdown", 0, 0, 3, 0, 0, 0, 0, 0, 3, 6
"/Users/nyameaama/Documents/PlatformIO/Projects/Model Rocket/lib/RadioHead-master/examples/Teensy/rf69_client/rf69_client.ino", "C++", 0, 52, 0, 0, 0, 0, 0, 29, 16, 97
"/Users/nyameaama/Documents/PlatformIO/Projects/Model Rocket/lib/RadioHead-master/examples/Teensy/rf69_reliable_datagram_client/rf69_reliable_datagram_client.ino", "C++", 0, 50, 0, 0, 0, 0, 0, 25, 16, 91
"/Users/nyameaama/Documents/PlatformIO/Projects/Model Rocket/lib/RadioHead-master/examples/Teensy/rf69_reliable_datagram_server/rf69_reliable_datagram_server.ino", "C++", 0, 44, 0, 0, 0, 0, 0, 25, 16, 85
"/Users/nyameaama/Documents/PlatformIO/Projects/Model Rocket/lib/RadioHead-master/examples/Teensy/rf69_rx_demo/rf69_rx_demo.ino", "C++", 0, 70, 0, 0, 0, 0, 0, 26, 23, 119
"/Users/nyameaama/Documents/PlatformIO/Projects/Model Rocket/lib/RadioHead-master/examples/Teensy/rf69_server/rf69_server.ino", "C++", 0, 54, 0, 0, 0, 0, 0, 33, 15, 102
"/Users/nyameaama/Documents/PlatformIO/Projects/Model Rocket/lib/RadioHead-master/examples/Teensy/rf69_tx_demo/rf69_tx_demo.ino", "C++", 0, 61, 0, 0, 0, 0, 0, 30, 24, 115
"/Users/nyameaama/Documents/PlatformIO/Projects/Model Rocket/lib/RadioHead-master/examples/ask/ask_receiver/ask_receiver.pde", "Processing", 0, 0, 0, 0, 0, 0, 19, 7, 7, 33
"/Users/nyameaama/Documents/PlatformIO/Projects/Model Rocket/lib/RadioHead-master/examples/ask/ask_reliable_datagram_client/ask_reliable_datagram_client.pde", "Processing", 0, 0, 0, 0, 0, 0, 38, 12, 10, 60
"/Users/nyameaama/Documents/PlatformIO/Projects/Model Rocket/lib/RadioHead-master/examples/ask/ask_reliable_datagram_server/ask_reliable_datagram_server.pde", "Processing", 0, 0, 0, 0, 0, 0, 32, 12, 10, 54
"/Users/nyameaama/Documents/PlatformIO/Projects/Model Rocket/lib/RadioHead-master/examples/ask/ask_transmitter/ask_transmitter.pde", "Processing", 0, 0, 0, 0, 0, 0, 16, 6, 6, 28
"/Users/nyameaama/Documents/PlatformIO/Projects/Model Rocket/lib/RadioHead-master/examples/cc110/cc110_client/cc110_client.pde", "Processing", 0, 0, 0, 0, 0, 0, 38, 27, 11, 76
"/Users/nyameaama/Documents/PlatformIO/Projects/Model Rocket/lib/RadioHead-master/examples/cc110/cc110_server/cc110_server.pde", "Processing", 0, 0, 0, 0, 0, 0, 33, 27, 10, 70
"/Users/nyameaama/Documents/PlatformIO/Projects/Model Rocket/lib/RadioHead-master/examples/mrf89/mrf89_client/mrf89_client.pde", "Processing", 0, 0, 0, 0, 0, 0, 37, 22, 10, 69
"/Users/nyameaama/Documents/PlatformIO/Projects/Model Rocket/lib/RadioHead-master/examples/mrf89/mrf89_server/mrf89_server.pde", "Processing", 0, 0, 0, 0, 0, 0, 32, 25, 11, 68
"/Users/nyameaama/Documents/PlatformIO/Projects/Model Rocket/lib/RadioHead-master/examples/nrf24/nrf24_client/nrf24_client.pde", "Processing", 0, 0, 0, 0, 0, 0, 41, 18, 9, 68
"/Users/nyameaama/Documents/PlatformIO/Projects/Model Rocket/lib/RadioHead-master/examples/nrf24/nrf24_reliable_datagram_client/nrf24_reliable_datagram_client.pde", "Processing", 0, 0, 0, 0, 0, 0, 38, 16, 10, 64
"/Users/nyameaama/Documents/PlatformIO/Projects/Model Rocket/lib/RadioHead-master/examples/nrf24/nrf24_reliable_datagram_server/nrf24_reliable_datagram_server.pde", "Processing", 0, 0, 0, 0, 0, 0, 32, 16, 10, 58
"/Users/nyameaama/Documents/PlatformIO/Projects/Model Rocket/lib/RadioHead-master/examples/nrf24/nrf24_server/nrf24_server.pde", "Processing", 0, 0, 0, 0, 0, 0, 36, 18, 7, 61
"/Users/nyameaama/Documents/PlatformIO/Projects/Model Rocket/lib/RadioHead-master/examples/nrf51/nrf51_audio_rx/nrf51_audio_rx.pde", "Processing", 0, 0, 0, 0, 0, 0, 59, 38, 17, 114
"/Users/nyameaama/Documents/PlatformIO/Projects/Model Rocket/lib/RadioHead-master/examples/nrf51/nrf51_audio_tx/nrf51_audio_tx.pde", "Processing", 0, 0, 0, 0, 0, 0, 82, 42, 20, 144
"/Users/nyameaama/Documents/PlatformIO/Projects/Model Rocket/lib/RadioHead-master/examples/nrf51/nrf51_client/nrf51_client.pde", "Processing", 0, 0, 0, 0, 0, 0, 42, 15, 10, 67
"/Users/nyameaama/Documents/PlatformIO/Projects/Model Rocket/lib/RadioHead-master/examples/nrf51/nrf51_reliable_datagram_client/nrf51_reliable_datagram_client.pde", "Processing", 0, 0, 0, 0, 0, 0, 40, 14, 11, 65
"/Users/nyameaama/Documents/PlatformIO/Projects/Model Rocket/lib/RadioHead-master/examples/nrf51/nrf51_reliable_datagram_server/nrf51_reliable_datagram_server.pde", "Processing", 0, 0, 0, 0, 0, 0, 34, 14, 12, 60
"/Users/nyameaama/Documents/PlatformIO/Projects/Model Rocket/lib/RadioHead-master/examples/nrf51/nrf51_server/nrf51_server.pde", "Processing", 0, 0, 0, 0, 0, 0, 36, 15, 7, 58
"/Users/nyameaama/Documents/PlatformIO/Projects/Model Rocket/lib/RadioHead-master/examples/nrf905/nrf905_client/nrf905_client.pde", "Processing", 0, 0, 0, 0, 0, 0, 37, 14, 9, 60
"/Users/nyameaama/Documents/PlatformIO/Projects/Model Rocket/lib/RadioHead-master/examples/nrf905/nrf905_reliable_datagram_client/nrf905_reliable_datagram_client.pde", "Processing", 0, 0, 0, 0, 0, 0, 38, 13, 10, 61
"/Users/nyameaama/Documents/PlatformIO/Projects/Model Rocket/lib/RadioHead-master/examples/nrf905/nrf905_reliable_datagram_server/nrf905_reliable_datagram_server.pde", "Processing", 0, 0, 0, 0, 0, 0, 32, 13, 10, 55
"/Users/nyameaama/Documents/PlatformIO/Projects/Model Rocket/lib/RadioHead-master/examples/nrf905/nrf905_server/nrf905_server.pde", "Processing", 0, 0, 0, 0, 0, 0, 32, 14, 7, 53
"/Users/nyameaama/Documents/PlatformIO/Projects/Model Rocket/lib/RadioHead-master/examples/raspi/Makefile", "Makefile", 0, 0, 0, 0, 0, 32, 0, 4, 18, 54
"/Users/nyameaama/Documents/PlatformIO/Projects/Model Rocket/lib/RadioHead-master/examples/raspi/RasPiRH.cpp", "C++", 0, 65, 0, 0, 0, 0, 0, 55, 19, 139
"/Users/nyameaama/Documents/PlatformIO/Projects/Model Rocket/lib/RadioHead-master/examples/rf22/rf22_client/rf22_client.pde", "Processing", 0, 0, 0, 0, 0, 0, 35, 15, 8, 58
"/Users/nyameaama/Documents/PlatformIO/Projects/Model Rocket/lib/RadioHead-master/examples/rf22/rf22_mesh_client/rf22_mesh_client.pde", "Processing", 0, 0, 0, 0, 0, 0, 40, 18, 11, 69
"/Users/nyameaama/Documents/PlatformIO/Projects/Model Rocket/lib/RadioHead-master/examples/rf22/rf22_mesh_server1/rf22_mesh_server1.pde", "Processing", 0, 0, 0, 0, 0, 0, 32, 15, 10, 57
"/Users/nyameaama/Documents/PlatformIO/Projects/Model Rocket/lib/RadioHead-master/examples/rf22/rf22_mesh_server2/rf22_mesh_server2.pde", "Processing", 0, 0, 0, 0, 0, 0, 32, 15, 10, 57
"/Users/nyameaama/Documents/PlatformIO/Projects/Model Rocket/lib/RadioHead-master/examples/rf22/rf22_mesh_server3/rf22_mesh_server3.pde", "Processing", 0, 0, 0, 0, 0, 0, 32, 15, 10, 57
"/Users/nyameaama/Documents/PlatformIO/Projects/Model Rocket/lib/RadioHead-master/examples/rf22/rf22_reliable_datagram_client/rf22_reliable_datagram_client.pde", "Processing", 0, 0, 0, 0, 0, 0, 38, 14, 10, 62
"/Users/nyameaama/Documents/PlatformIO/Projects/Model Rocket/lib/RadioHead-master/examples/rf22/rf22_reliable_datagram_server/rf22_reliable_datagram_server.pde", "Processing", 0, 0, 0, 0, 0, 0, 32, 14, 10, 56
"/Users/nyameaama/Documents/PlatformIO/Projects/Model Rocket/lib/RadioHead-master/examples/rf22/rf22_router_client/rf22_router_client.pde", "Processing", 0, 0, 0, 0, 0, 0, 42, 20, 11, 73
"/Users/nyameaama/Documents/PlatformIO/Projects/Model Rocket/lib/RadioHead-master/examples/rf22/rf22_router_server1/rf22_router_server1.pde", "Processing", 0, 0, 0, 0, 0, 0, 34, 15, 11, 60
"/Users/nyameaama/Documents/PlatformIO/Projects/Model Rocket/lib/RadioHead-master/examples/rf22/rf22_router_server2/rf22_router_server2.pde", "Processing", 0, 0, 0, 0, 0, 0, 34, 15, 11, 60
"/Users/nyameaama/Documents/PlatformIO/Projects/Model Rocket/lib/RadioHead-master/examples/rf22/rf22_router_server3/rf22_router_server3.pde", "Processing", 0, 0, 0, 0, 0, 0, 34, 15, 11, 60
"/Users/nyameaama/Documents/PlatformIO/Projects/Model Rocket/lib/RadioHead-master/examples/rf22/rf22_router_test/rf22_router_test.pde", "Processing", 0, 0, 0, 0, 0, 0, 71, 14, 18, 103
"/Users/nyameaama/Documents/PlatformIO/Projects/Model Rocket/lib/RadioHead-master/examples/rf22/rf22_server/rf22_server.pde", "Processing", 0, 0, 0, 0, 0, 0, 30, 17, 7, 54
"/Users/nyameaama/Documents/PlatformIO/Projects/Model Rocket/lib/RadioHead-master/examples/rf24/rf24_client/rf24_client.pde", "Processing", 0, 0, 0, 0, 0, 0, 35, 15, 9, 59
"/Users/nyameaama/Documents/PlatformIO/Projects/Model Rocket/lib/RadioHead-master/examples/rf24/rf24_reliable_datagram_client/rf24_reliable_datagram_client.pde", "Processing", 0, 0, 0, 0, 0, 0, 38, 12, 10, 60
"/Users/nyameaama/Documents/PlatformIO/Projects/Model Rocket/lib/RadioHead-master/examples/rf24/rf24_reliable_datagram_server/rf24_reliable_datagram_server.pde", "Processing", 0, 0, 0, 0, 0, 0, 32, 12, 10, 54
"/Users/nyameaama/Documents/PlatformIO/Projects/Model Rocket/lib/RadioHead-master/examples/rf24/rf24_server/rf24_server.pde", "Processing", 0, 0, 0, 0, 0, 0, 30, 17, 8, 55
"/Users/nyameaama/Documents/PlatformIO/Projects/Model Rocket/lib/RadioHead-master/examples/rf69/rf69_client/rf69_client.pde", "Processing", 0, 0, 0, 0, 0, 0, 40, 23, 11, 74
"/Users/nyameaama/Documents/PlatformIO/Projects/Model Rocket/lib/RadioHead-master/examples/rf69/rf69_reliable_datagram_client/rf69_reliable_datagram_client.pde", "Processing", 0, 0, 0, 0, 0, 0, 38, 19, 11, 68
"/Users/nyameaama/Documents/PlatformIO/Projects/Model Rocket/lib/RadioHead-master/examples/rf69/rf69_reliable_datagram_server/rf69_reliable_datagram_server.pde", "Processing", 0, 0, 0, 0, 0, 0, 32, 19, 11, 62
"/Users/nyameaama/Documents/PlatformIO/Projects/Model Rocket/lib/RadioHead-master/examples/rf69/rf69_server/rf69_server.pde", "Processing", 0, 0, 0, 0, 0, 0, 42, 27, 10, 79
"/Users/nyameaama/Documents/PlatformIO/Projects/Model Rocket/lib/RadioHead-master/examples/rf95/rf95_client/rf95_client.pde", "Processing", 0, 0, 0, 0, 0, 0, 36, 33, 12, 81
"/Users/nyameaama/Documents/PlatformIO/Projects/Model Rocket/lib/RadioHead-master/examples/rf95/rf95_reliable_datagram_client/rf95_reliable_datagram_client.pde", "Processing", 0, 0, 0, 0, 0, 0, 39, 28, 13, 80
"/Users/nyameaama/Documents/PlatformIO/Projects/Model Rocket/lib/RadioHead-master/examples/rf95/rf95_reliable_datagram_server/rf95_reliable_datagram_server.pde", "Processing", 0, 0, 0, 0, 0, 0, 33, 28, 13, 74
"/Users/nyameaama/Documents/PlatformIO/Projects/Model Rocket/lib/RadioHead-master/examples/rf95/rf95_server/rf95_server.pde", "Processing", 0, 0, 0, 0, 0, 0, 35, 33, 12, 80
"/Users/nyameaama/Documents/PlatformIO/Projects/Model Rocket/lib/RadioHead-master/examples/serial/serial_reliable_datagram_client/serial_reliable_datagram_client.pde", "Processing", 0, 0, 0, 0, 0, 0, 45, 26, 12, 83
"/Users/nyameaama/Documents/PlatformIO/Projects/Model Rocket/lib/RadioHead-master/examples/serial/serial_reliable_datagram_server/serial_reliable_datagram_server.pde", "Processing", 0, 0, 0, 0, 0, 0, 37, 26, 13, 76
"/Users/nyameaama/Documents/PlatformIO/Projects/Model Rocket/lib/RadioHead-master/examples/simulator/simulator_reliable_datagram_client/simulator_reliable_datagram_client.pde", "Processing", 0, 0, 0, 0, 0, 0, 39, 18, 11, 68
"/Users/nyameaama/Documents/PlatformIO/Projects/Model Rocket/lib/RadioHead-master/examples/simulator/simulator_reliable_datagram_server/simulator_reliable_datagram_server.pde", "Processing", 0, 0, 0, 0, 0, 0, 30, 19, 11, 60
"/Users/nyameaama/Documents/PlatformIO/Projects/Model Rocket/lib/RadioHead-master/project.cfg", "Properties", 0, 0, 0, 252, 0, 0, 0, 1506, 523, 2281
"/Users/nyameaama/Documents/PlatformIO/Projects/Model Rocket/lib/RadioHead-master/radio_config_Si4460.h", "C++", 0, 114, 0, 0, 0, 0, 0, 442, 52, 608
"/Users/nyameaama/Documents/PlatformIO/Projects/Model Rocket/lib/RadioHead-master/tools/chain.conf", "Properties", 0, 0, 0, 1, 0, 0, 0, 8, 2, 11
"/Users/nyameaama/Documents/PlatformIO/Projects/Model Rocket/lib/RadioHead-master/tools/etherSimulator.pl", "Perl", 0, 0, 0, 0, 153, 0, 0, 42, 30, 225
"/Users/nyameaama/Documents/PlatformIO/Projects/Model Rocket/lib/RadioHead-master/tools/simMain.cpp", "C++", 0, 47, 0, 0, 0, 0, 0, 11, 14, 72
"/Users/nyameaama/Documents/PlatformIO/Projects/Model Rocket/lib/SD-master/File.cpp", "C++", 0, 107, 0, 0, 0, 0, 0, 33, 29, 169
"/Users/nyameaama/Documents/PlatformIO/Projects/Model Rocket/lib/SD-master/SD.cpp", "C++", 0, 224, 0, 0, 0, 0, 0, 303, 111, 638
"/Users/nyameaama/Documents/PlatformIO/Projects/Model Rocket/lib/SD-master/SD.h", "C++", 0, 76, 0, 0, 0, 0, 0, 35, 28, 139
"/Users/nyameaama/Documents/PlatformIO/Projects/Model Rocket/lib/SD-master/utility/FatStructs.h", "C++", 0, 111, 0, 0, 0, 0, 0, 306, 2, 419
"/Users/nyameaama/Documents/PlatformIO/Projects/Model Rocket/lib/SD-master/utility/Sd2Card.cpp", "C++", 0, 514, 0, 0, 0, 0, 0, 218, 46, 778
"/Users/nyameaama/Documents/PlatformIO/Projects/Model Rocket/lib/SD-master/utility/Sd2Card.h", "C++", 0, 141, 0, 0, 0, 0, 0, 127, 6, 274
"/Users/nyameaama/Documents/PlatformIO/Projects/Model Rocket/lib/SD-master/utility/Sd2PinMap.h", "C++", 0, 425, 0, 0, 0, 0, 0, 57, 44, 526
"/Users/nyameaama/Documents/PlatformIO/Projects/Model Rocket/lib/SD-master/utility/SdFat.h", "C++", 0, 379, 0, 0, 0, 0, 0, 247, 16, 642
"/Users/nyameaama/Documents/PlatformIO/Projects/Model Rocket/lib/SD-master/utility/SdFatUtil.h", "C++", 0, 35, 0, 0, 0, 0, 0, 42, 1, 78
"/Users/nyameaama/Documents/PlatformIO/Projects/Model Rocket/lib/SD-master/utility/SdFatmainpage.h", "C++", 0, 0, 0, 0, 0, 0, 0, 201, 2, 203
"/Users/nyameaama/Documents/PlatformIO/Projects/Model Rocket/lib/SD-master/utility/SdFile.cpp", "C++", 0, 833, 0, 0, 0, 0, 0, 584, 111, 1528
"/Users/nyameaama/Documents/PlatformIO/Projects/Model Rocket/lib/SD-master/utility/SdInfo.h", "C++", 0, 127, 0, 0, 0, 0, 0, 105, 1, 233
"/Users/nyameaama/Documents/PlatformIO/Projects/Model Rocket/lib/SD-master/utility/SdVolume.cpp", "C++", 0, 227, 0, 0, 0, 0, 0, 94, 31, 352
"/Users/nyameaama/Documents/PlatformIO/Projects/Model Rocket/platformio.ini", "Ini", 10, 0, 0, 0, 0, 0, 0, 9, 5, 24
"/Users/nyameaama/Documents/PlatformIO/Projects/Model Rocket/src/NEO/Data Logging/EEPROMStorage.cpp", "C++", 0, 61, 0, 0, 0, 0, 0, 14, 4, 79
"/Users/nyameaama/Documents/PlatformIO/Projects/Model Rocket/src/NEO/Data Logging/EEPROMStorage.h", "C++", 0, 10, 0, 0, 0, 0, 0, 4, 5, 19
"/Users/nyameaama/Documents/PlatformIO/Projects/Model Rocket/src/NEO/Data Logging/FileSys.cpp", "C++", 0, 257, 0, 0, 0, 0, 0, 31, 9, 297
"/Users/nyameaama/Documents/PlatformIO/Projects/Model Rocket/src/NEO/Data Logging/FileSys.h", "C++", 0, 40, 0, 0, 0, 0, 0, 1, 25, 66
"/Users/nyameaama/Documents/PlatformIO/Projects/Model Rocket/src/NEO/Flight Control/PropThrustControl.cpp", "C++", 0, 3, 0, 0, 0, 0, 0, 0, 5, 8
"/Users/nyameaama/Documents/PlatformIO/Projects/Model Rocket/src/NEO/Flight Control/PropThrustControl.h", "C++", 0, 9, 0, 0, 0, 0, 0, 3, 7, 19
"/Users/nyameaama/Documents/PlatformIO/Projects/Model Rocket/src/NEO/Flight Control/TVC.cpp", "C++", 0, 80, 0, 0, 0, 0, 0, 31, 9, 120
"/Users/nyameaama/Documents/PlatformIO/Projects/Model Rocket/src/NEO/Flight Control/TVC.h", "C++", 0, 17, 0, 0, 0, 0, 0, 3, 9, 29
"/Users/nyameaama/Documents/PlatformIO/Projects/Model Rocket/src/NEO/Flight Control/limCalcs.cpp", "C++", 0, 86, 0, 0, 0, 0, 0, 34, 10, 130
"/Users/nyameaama/Documents/PlatformIO/Projects/Model Rocket/src/NEO/Flight Control/limCalcs.h", "C++", 0, 21, 0, 0, 0, 0, 0, 12, 10, 43
"/Users/nyameaama/Documents/PlatformIO/Projects/Model Rocket/src/NEO/Inertial Measurement/IMU.cpp", "C++", 0, 92, 0, 0, 0, 0, 0, 15, 7, 114
"/Users/nyameaama/Documents/PlatformIO/Projects/Model Rocket/src/NEO/Inertial Measurement/IMU.h", "C++", 0, 19, 0, 0, 0, 0, 0, 9, 3, 31
"/Users/nyameaama/Documents/PlatformIO/Projects/Model Rocket/src/NEO/Navigation/PathCompute.cpp", "C++", 0, 183, 0, 0, 0, 0, 0, 42, 4, 229
"/Users/nyameaama/Documents/PlatformIO/Projects/Model Rocket/src/NEO/Navigation/PathCompute.h", "C++", 0, 29, 0, 0, 0, 0, 0, 29, 24, 82
"/Users/nyameaama/Documents/PlatformIO/Projects/Model Rocket/src/NEO/Navigation/PathControl.cpp", "C++", 0, 52, 0, 0, 0, 0, 0, 16, 2, 70
"/Users/nyameaama/Documents/PlatformIO/Projects/Model Rocket/src/NEO/Navigation/PathControl.h", "C++", 0, 11, 0, 0, 0, 0, 0, 4, 4, 19
"/Users/nyameaama/Documents/PlatformIO/Projects/Model Rocket/src/NEO/RF Comm/ExCommunication - Receive.cpp", "C++", 0, 0, 0, 0, 0, 0, 0, 15, 0, 15
"/Users/nyameaama/Documents/PlatformIO/Projects/Model Rocket/src/NEO/RF Comm/ExCommunication - Transmit.cpp", "C++", 0, 15, 0, 0, 0, 0, 0, 1, 3, 19
"/Users/nyameaama/Documents/PlatformIO/Projects/Model Rocket/src/NEO/Sensors/LandingLegs.cpp", "C++", 0, 107, 0, 0, 0, 0, 0, 5, 10, 122
"/Users/nyameaama/Documents/PlatformIO/Projects/Model Rocket/src/NEO/Sensors/LandingLegs.h", "C++", 0, 26, 0, 0, 0, 0, 0, 5, 12, 43
"/Users/nyameaama/Documents/PlatformIO/Projects/Model Rocket/src/NEO/Sensors/sensors.cpp", "C++", 0, 82, 0, 0, 0, 0, 0, 11, 3, 96
"/Users/nyameaama/Documents/PlatformIO/Projects/Model Rocket/src/NEO/Sensors/sensors.h", "C++", 0, 13, 0, 0, 0, 0, 0, 4, 7, 24
"/Users/nyameaama/Documents/PlatformIO/Projects/Model Rocket/src/NEO/Serial Comm/command.cpp", "C++", 0, 92, 0, 0, 0, 0, 0, 25, 6, 123
"/Users/nyameaama/Documents/PlatformIO/Projects/Model Rocket/src/NEO/Serial Comm/command.h", "C++", 0, 23, 0, 0, 0, 0, 0, 3, 14, 40
"/Users/nyameaama/Documents/PlatformIO/Projects/Model Rocket/src/NEO/bridge.h", "C++", 0, 17, 0, 0, 0, 0, 0, 0, 2, 19
"/Users/nyameaama/Documents/PlatformIO/Projects/Model Rocket/src/NEO/main.cpp", "C++", 0, 200, 0, 0, 0, 0, 0, 63, 18, 281
"Total", "-", 10, 16270, 13, 253, 153, 32, 1891, 13727, 4342, 36691